-- ==============================================
-- BTCæ ¸å¿ƒæ•°æ®åº?- ç³»ç»ŸåŸºç¡€è¡¨ï¼ˆæ”¯æŒè§’è‰²ç»§æ‰¿ï¼?
-- æƒé™å’Œèœå•åˆ†ç¦»ï¼Œè§’è‰²æ”¯æŒç»§æ‰¿
-- ä½œè€? MESå¼€å‘å›¢é˜?
-- æ—¥æœŸ: 2025-01-07
-- ==============================================

USE btc_core;

-- ==============================================
-- 1. ç§Ÿæˆ·ç®¡ç†è¡?
-- ==============================================

CREATE TABLE tenant (
    tenant_id VARCHAR(32) PRIMARY KEY COMMENT 'ç§Ÿæˆ·ID',
    tenant_code VARCHAR(64) NOT NULL UNIQUE COMMENT 'ç§Ÿæˆ·ä»£ç ',
    tenant_name VARCHAR(128) NOT NULL COMMENT 'ç§Ÿæˆ·åç§°',
    tenant_type ENUM('ENTERPRISE', 'SMALL_MEDIUM', 'INDIVIDUAL') DEFAULT 'ENTERPRISE' COMMENT 'ç§Ÿæˆ·ç±»å‹',
    status ENUM('ACTIVE', 'INACTIVE', 'SUSPENDED') DEFAULT 'ACTIVE' COMMENT 'çŠ¶æ€?,
    contact_person VARCHAR(64) COMMENT 'è”ç³»äº?,
    contact_phone VARCHAR(32) COMMENT 'è”ç³»ç”µè¯',
    contact_email VARCHAR(128) COMMENT 'è”ç³»é‚®ç®±',
    address TEXT COMMENT 'åœ°å€',
    industry VARCHAR(64) COMMENT 'è¡Œä¸š',
    scale VARCHAR(32) COMMENT 'è§„æ¨¡',
    logo_url VARCHAR(255) COMMENT 'Logo URL',
    settings JSON COMMENT 'ç§Ÿæˆ·é…ç½®',
    subscription_plan VARCHAR(32) COMMENT 'è®¢é˜…è®¡åˆ’',
    subscription_expire DATETIME COMMENT 'è®¢é˜…è¿‡æœŸæ—¶é—´',
    created_by VARCHAR(64) NOT NULL,
    created_at DATETIME NOT NULL DEFAULT CURRENT_TIMESTAMP,
    updated_by VARCHAR(64),
    updated_at DATETIME DEFAULT CURRENT_TIMESTAMP ON UPDATE CURRENT_TIMESTAMP,
    INDEX idx_tenant_code (tenant_code),
    INDEX idx_tenant_name (tenant_name),
    INDEX idx_status (status),
    INDEX idx_subscription_expire (subscription_expire)
) COMMENT 'ç§Ÿæˆ·ç®¡ç†è¡?;

-- ==============================================
-- 2. éƒ¨é—¨è¡?
-- ==============================================

CREATE TABLE sys_dept (
    dept_id VARCHAR(32) PRIMARY KEY COMMENT 'éƒ¨é—¨ID',
    tenant_id VARCHAR(32) NOT NULL COMMENT 'ç§Ÿæˆ·ID',
    dept_code VARCHAR(64) NOT NULL COMMENT 'éƒ¨é—¨ä»£ç ',
    dept_name VARCHAR(128) NOT NULL COMMENT 'éƒ¨é—¨åç§°',
    parent_id VARCHAR(32) COMMENT 'çˆ¶éƒ¨é—¨ID',
    dept_type ENUM('COMPANY', 'DEPARTMENT', 'TEAM', 'GROUP') DEFAULT 'DEPARTMENT' COMMENT 'éƒ¨é—¨ç±»å‹',
    manager_id VARCHAR(32) COMMENT 'éƒ¨é—¨è´Ÿè´£äººID',
    sort_order INT DEFAULT 0 COMMENT 'æ’åº',
    status ENUM('ACTIVE', 'INACTIVE') DEFAULT 'ACTIVE' COMMENT 'çŠ¶æ€?,
    created_by VARCHAR(64) NOT NULL,
    created_at DATETIME NOT NULL DEFAULT CURRENT_TIMESTAMP,
    updated_by VARCHAR(64),
    updated_at DATETIME DEFAULT CURRENT_TIMESTAMP ON UPDATE CURRENT_TIMESTAMP,
    INDEX idx_tenant (tenant_id),
    INDEX idx_parent_id (parent_id),
    INDEX idx_status (status),
    FOREIGN KEY (tenant_id) REFERENCES tenant(tenant_id),
    FOREIGN KEY (parent_id) REFERENCES sys_dept(dept_id)
) COMMENT 'éƒ¨é—¨è¡?;

-- ==============================================
-- 3. ç³»ç»Ÿç”¨æˆ·è¡?
-- ==============================================

CREATE TABLE sys_user (
    user_id VARCHAR(32) PRIMARY KEY COMMENT 'ç”¨æˆ·ID',
    tenant_id VARCHAR(32) NOT NULL COMMENT 'ç§Ÿæˆ·ID',
    dept_id VARCHAR(32) COMMENT 'éƒ¨é—¨ID',
    username VARCHAR(64) NOT NULL UNIQUE COMMENT 'ç”¨æˆ·å?,
    password_hash VARCHAR(255) NOT NULL COMMENT 'å¯†ç å“ˆå¸Œ',
    email VARCHAR(128) COMMENT 'é‚®ç®±',
    phone VARCHAR(32) COMMENT 'æ‰‹æœºå?,
    real_name VARCHAR(64) COMMENT 'çœŸå®å§“å',
    nickname VARCHAR(64) COMMENT 'æ˜µç§°',
    avatar_url VARCHAR(255) COMMENT 'å¤´åƒURL',
    gender ENUM('MALE', 'FEMALE', 'UNKNOWN') DEFAULT 'UNKNOWN' COMMENT 'æ€§åˆ«',
    birthday DATE COMMENT 'ç”Ÿæ—¥',
    status ENUM('ACTIVE', 'INACTIVE', 'LOCKED', 'EXPIRED') DEFAULT 'ACTIVE' COMMENT 'çŠ¶æ€?,
    user_type ENUM('SYSTEM', 'TENANT', 'EMPLOYEE', 'EXTERNAL') DEFAULT 'TENANT' COMMENT 'ç”¨æˆ·ç±»å‹',
    last_login_time DATETIME COMMENT 'æœ€åç™»å½•æ—¶é—?,
    last_login_ip VARCHAR(45) COMMENT 'æœ€åç™»å½•IP',
    login_count INT DEFAULT 0 COMMENT 'ç™»å½•æ¬¡æ•°',
    password_update_time DATETIME COMMENT 'å¯†ç æ›´æ–°æ—¶é—´',
    account_expire_time DATETIME COMMENT 'è´¦æˆ·è¿‡æœŸæ—¶é—´',
    password_expire_time DATETIME COMMENT 'å¯†ç è¿‡æœŸæ—¶é—´',
    created_by VARCHAR(64) NOT NULL,
    created_at DATETIME NOT NULL DEFAULT CURRENT_TIMESTAMP,
    updated_by VARCHAR(64),
    updated_at DATETIME DEFAULT CURRENT_TIMESTAMP ON UPDATE CURRENT_TIMESTAMP,
    INDEX idx_tenant (tenant_id),
    INDEX idx_dept (dept_id),
    INDEX idx_username (username),
    INDEX idx_email (email),
    INDEX idx_phone (phone),
    INDEX idx_status (status),
    INDEX idx_user_type (user_type),
    FOREIGN KEY (tenant_id) REFERENCES tenant(tenant_id),
    FOREIGN KEY (dept_id) REFERENCES sys_dept(dept_id)
) COMMENT 'ç³»ç»Ÿç”¨æˆ·è¡?;

-- ==============================================
-- 4. ç³»ç»Ÿè§’è‰²è¡¨ï¼ˆæ”¯æŒç»§æ‰¿ï¼?
-- ==============================================

CREATE TABLE sys_role (
    role_id VARCHAR(32) PRIMARY KEY COMMENT 'è§’è‰²ID',
    tenant_id VARCHAR(32) NOT NULL COMMENT 'ç§Ÿæˆ·ID',
    parent_role_id VARCHAR(32) COMMENT 'çˆ¶è§’è‰²ID',
    role_code VARCHAR(64) NOT NULL COMMENT 'è§’è‰²ä»£ç ',
    role_name VARCHAR(128) NOT NULL COMMENT 'è§’è‰²åç§°',
    role_type ENUM('SYSTEM', 'TENANT', 'CUSTOM') DEFAULT 'TENANT' COMMENT 'è§’è‰²ç±»å‹',
    role_level INT DEFAULT 0 COMMENT 'è§’è‰²å±‚çº§',
    description TEXT COMMENT 'è§’è‰²æè¿°',
    data_scope ENUM('ALL', 'CUSTOM', 'DEPT', 'DEPT_AND_CHILD', 'SELF') DEFAULT 'SELF' COMMENT 'æ•°æ®æƒé™èŒƒå›´',
    inherit_permissions BOOLEAN DEFAULT TRUE COMMENT 'æ˜¯å¦ç»§æ‰¿çˆ¶è§’è‰²æƒé™?,
    inherit_data_scope BOOLEAN DEFAULT FALSE COMMENT 'æ˜¯å¦ç»§æ‰¿çˆ¶è§’è‰²æ•°æ®æƒé™?,
    status ENUM('ACTIVE', 'INACTIVE') DEFAULT 'ACTIVE' COMMENT 'çŠ¶æ€?,
    sort_order INT DEFAULT 0 COMMENT 'æ’åº',
    created_by VARCHAR(64) NOT NULL,
    created_at DATETIME NOT NULL DEFAULT CURRENT_TIMESTAMP,
    updated_by VARCHAR(64),
    updated_at DATETIME DEFAULT CURRENT_TIMESTAMP ON UPDATE CURRENT_TIMESTAMP,
    INDEX idx_tenant (tenant_id),
    INDEX idx_parent_role (parent_role_id),
    INDEX idx_role_code (role_code),
    INDEX idx_role_name (role_name),
    INDEX idx_role_level (role_level),
    INDEX idx_status (status),
    FOREIGN KEY (tenant_id) REFERENCES tenant(tenant_id),
    FOREIGN KEY (parent_role_id) REFERENCES sys_role(role_id)
) COMMENT 'ç³»ç»Ÿè§’è‰²è¡?;

-- ==============================================
-- 5. ç³»ç»Ÿæƒé™è¡¨ï¼ˆä¸“æ³¨æƒé™æ§åˆ¶ï¼?
-- ==============================================

CREATE TABLE sys_permission (
    permission_id VARCHAR(32) PRIMARY KEY COMMENT 'æƒé™ID',
    tenant_id VARCHAR(32) NOT NULL COMMENT 'ç§Ÿæˆ·ID',
    permission_code VARCHAR(128) NOT NULL COMMENT 'æƒé™ä»£ç ',
    permission_name VARCHAR(128) NOT NULL COMMENT 'æƒé™åç§°',
    permission_type ENUM('MENU_ACCESS', 'BUTTON_ACTION', 'API_CALL', 'DATA_ACCESS') DEFAULT 'MENU_ACCESS' COMMENT 'æƒé™ç±»å‹',
    resource_type VARCHAR(64) COMMENT 'èµ„æºç±»å‹',
    resource_id VARCHAR(128) COMMENT 'èµ„æºæ ‡è¯†',
    action VARCHAR(64) COMMENT 'æ“ä½œç±»å‹',
    scope ENUM('GLOBAL', 'TENANT', 'DEPT', 'SELF') DEFAULT 'TENANT' COMMENT 'æƒé™èŒƒå›´',
    parent_id VARCHAR(32) COMMENT 'çˆ¶æƒé™ID',
    description TEXT COMMENT 'æƒé™æè¿°',
    status ENUM('ACTIVE', 'INACTIVE') DEFAULT 'ACTIVE' COMMENT 'çŠ¶æ€?,
    created_by VARCHAR(64) NOT NULL,
    created_at DATETIME NOT NULL DEFAULT CURRENT_TIMESTAMP,
    updated_by VARCHAR(64),
    updated_at DATETIME DEFAULT CURRENT_TIMESTAMP ON UPDATE CURRENT_TIMESTAMP,
    INDEX idx_tenant (tenant_id),
    INDEX idx_permission_code (permission_code),
    INDEX idx_permission_type (permission_type),
    INDEX idx_resource (resource_type, resource_id),
    INDEX idx_parent_id (parent_id),
    INDEX idx_status (status),
    FOREIGN KEY (tenant_id) REFERENCES tenant(tenant_id),
    FOREIGN KEY (parent_id) REFERENCES sys_permission(permission_id)
) COMMENT 'ç³»ç»Ÿæƒé™è¡?;

-- ==============================================
-- 6. ç³»ç»Ÿèœå•è¡¨ï¼ˆä¸“æ³¨ç•Œé¢å¯¼èˆªï¼?
-- ==============================================

CREATE TABLE sys_menu (
    menu_id VARCHAR(32) PRIMARY KEY COMMENT 'èœå•ID',
    tenant_id VARCHAR(32) NOT NULL COMMENT 'ç§Ÿæˆ·ID',
    menu_code VARCHAR(64) NOT NULL COMMENT 'èœå•ä»£ç ',
    menu_name VARCHAR(128) NOT NULL COMMENT 'èœå•åç§°',
    menu_type ENUM('DIRECTORY', 'MENU', 'BUTTON') DEFAULT 'MENU' COMMENT 'èœå•ç±»å‹',
    parent_id VARCHAR(32) COMMENT 'çˆ¶èœå•ID',
    path VARCHAR(255) COMMENT 'è·¯ç”±è·¯å¾„',
    component VARCHAR(255) COMMENT 'ç»„ä»¶è·¯å¾„',
    icon VARCHAR(64) COMMENT 'å›¾æ ‡',
    sort_order INT DEFAULT 0 COMMENT 'æ’åº',
    visible BOOLEAN DEFAULT TRUE COMMENT 'æ˜¯å¦å¯è§',
    keep_alive BOOLEAN DEFAULT FALSE COMMENT 'æ˜¯å¦ç¼“å­˜',
    external_link BOOLEAN DEFAULT FALSE COMMENT 'æ˜¯å¦å¤–é“¾',
    external_url VARCHAR(500) COMMENT 'å¤–é“¾åœ°å€',
    status ENUM('ACTIVE', 'INACTIVE') DEFAULT 'ACTIVE' COMMENT 'çŠ¶æ€?,
    created_by VARCHAR(64) NOT NULL,
    created_at DATETIME NOT NULL DEFAULT CURRENT_TIMESTAMP,
    updated_by VARCHAR(64),
    updated_at DATETIME DEFAULT CURRENT_TIMESTAMP ON UPDATE CURRENT_TIMESTAMP,
    INDEX idx_tenant (tenant_id),
    INDEX idx_menu_code (menu_code),
    INDEX idx_parent_id (parent_id),
    INDEX idx_visible (visible),
    INDEX idx_status (status),
    FOREIGN KEY (tenant_id) REFERENCES tenant(tenant_id),
    FOREIGN KEY (parent_id) REFERENCES sys_menu(menu_id)
) COMMENT 'ç³»ç»Ÿèœå•è¡?;

-- ==============================================
-- 7. èœå•æƒé™å…³è”è¡¨ï¼ˆå…³è”èœå•å’Œæƒé™ï¼‰
-- ==============================================

CREATE TABLE sys_menu_permission (
    id BIGINT AUTO_INCREMENT PRIMARY KEY,
    menu_id VARCHAR(32) NOT NULL COMMENT 'èœå•ID',
    permission_id VARCHAR(32) NOT NULL COMMENT 'æƒé™ID',
    relation_type ENUM('REQUIRED', 'OPTIONAL') DEFAULT 'REQUIRED' COMMENT 'å…³è”ç±»å‹',
    created_by VARCHAR(64) NOT NULL,
    created_at DATETIME NOT NULL DEFAULT CURRENT_TIMESTAMP,
    INDEX idx_menu (menu_id),
    INDEX idx_permission (permission_id),
    UNIQUE KEY uk_menu_permission (menu_id, permission_id),
    FOREIGN KEY (menu_id) REFERENCES sys_menu(menu_id),
    FOREIGN KEY (permission_id) REFERENCES sys_permission(permission_id)
) COMMENT 'èœå•æƒé™å…³è”è¡?;

-- ==============================================
-- 8. ç”¨æˆ·è§’è‰²å…³è”è¡?
-- ==============================================

CREATE TABLE sys_user_role (
    id BIGINT AUTO_INCREMENT PRIMARY KEY,
    user_id VARCHAR(32) NOT NULL COMMENT 'ç”¨æˆ·ID',
    role_id VARCHAR(32) NOT NULL COMMENT 'è§’è‰²ID',
    created_by VARCHAR(64) NOT NULL,
    created_at DATETIME NOT NULL DEFAULT CURRENT_TIMESTAMP,
    INDEX idx_user (user_id),
    INDEX idx_role (role_id),
    UNIQUE KEY uk_user_role (user_id, role_id),
    FOREIGN KEY (user_id) REFERENCES sys_user(user_id),
    FOREIGN KEY (role_id) REFERENCES sys_role(role_id)
) COMMENT 'ç”¨æˆ·è§’è‰²å…³è”è¡?;

-- ==============================================
-- 9. è§’è‰²æƒé™å…³è”è¡?
-- ==============================================

CREATE TABLE sys_role_permission (
    id BIGINT AUTO_INCREMENT PRIMARY KEY,
    role_id VARCHAR(32) NOT NULL COMMENT 'è§’è‰²ID',
    permission_id VARCHAR(32) NOT NULL COMMENT 'æƒé™ID',
    created_by VARCHAR(64) NOT NULL,
    created_at DATETIME NOT NULL DEFAULT CURRENT_TIMESTAMP,
    INDEX idx_role (role_id),
    INDEX idx_permission (permission_id),
    UNIQUE KEY uk_role_permission (role_id, permission_id),
    FOREIGN KEY (role_id) REFERENCES sys_role(role_id),
    FOREIGN KEY (permission_id) REFERENCES sys_permission(permission_id)
) COMMENT 'è§’è‰²æƒé™å…³è”è¡?;

-- ==============================================
-- 10. è§’è‰²ç»§æ‰¿ç®¡ç†å­˜å‚¨è¿‡ç¨‹
-- ==============================================

-- æ£€æŸ¥è§’è‰²ç»§æ‰¿å¾ªç?
DELIMITER $$

CREATE PROCEDURE CheckRoleInheritanceCycle(IN p_role_id VARCHAR(32))
BEGIN
    DECLARE cycle_found BOOLEAN DEFAULT FALSE;
    
    WITH RECURSIVE role_hierarchy AS (
        SELECT role_id, parent_role_id, 1 as level
        FROM sys_role WHERE role_id = p_role_id
        
        UNION ALL
        
        SELECT r.role_id, r.parent_role_id, rh.level + 1
        FROM sys_role r
        JOIN role_hierarchy rh ON r.role_id = rh.parent_role_id
        WHERE rh.level < 10  -- é˜²æ­¢æ— é™é€’å½’
    )
    SELECT COUNT(*) > 0 INTO cycle_found
    FROM role_hierarchy
    WHERE level > 1 AND role_id = p_role_id;
    
    IF cycle_found THEN
        SIGNAL SQLSTATE '45000' SET MESSAGE_TEXT = 'Role inheritance cycle detected';
    END IF;
END$$

-- è·å–è§’è‰²ç»§æ‰¿è·¯å¾„
CREATE PROCEDURE GetRoleInheritancePath(IN p_role_id VARCHAR(32))
BEGIN
    WITH RECURSIVE inheritance_path AS (
        SELECT 
            role_id,
            role_code,
            role_name,
            parent_role_id,
            1 as level,
            CAST(role_code AS CHAR(1000)) as path
        FROM sys_role 
        WHERE role_id = p_role_id
        
        UNION ALL
        
        SELECT 
            r.role_id,
            r.role_code,
            r.role_name,
            r.parent_role_id,
            ip.level + 1,
            CONCAT(r.role_code, ' -> ', ip.path)
        FROM sys_role r
        JOIN inheritance_path ip ON r.role_id = ip.parent_role_id
        WHERE ip.level < 10
    )
    SELECT * FROM inheritance_path ORDER BY level DESC;
END$$

-- æ‰¹é‡æ›´æ–°è§’è‰²å±‚çº§
CREATE PROCEDURE UpdateRoleLevels()
BEGIN
    WITH RECURSIVE role_levels AS (
        -- æ ¹è§’è‰²ï¼ˆæ²¡æœ‰çˆ¶è§’è‰²ï¼‰
        SELECT 
            role_id,
            parent_role_id,
            0 as calculated_level
        FROM sys_role 
        WHERE parent_role_id IS NULL
        
        UNION ALL
        
        -- å­è§’è‰?
        SELECT 
            r.role_id,
            r.parent_role_id,
            rl.calculated_level + 1
        FROM sys_role r
        JOIN role_levels rl ON r.parent_role_id = rl.role_id
    )
    UPDATE sys_role sr
    JOIN role_levels rl ON sr.role_id = rl.role_id
    SET sr.role_level = rl.calculated_level;
END$$

DELIMITER ;

-- ==============================================
-- 11. åˆå§‹åŒ–æ•°æ?
-- ==============================================

-- æ’å…¥é»˜è®¤ç§Ÿæˆ·
INSERT INTO tenant (tenant_id, tenant_code, tenant_name, tenant_type, status, created_by) 
VALUES ('TENANT_001', 'DEFAULT', 'é»˜è®¤ç§Ÿæˆ·', 'ENTERPRISE', 'ACTIVE', 'SYSTEM');

-- æ’å…¥é»˜è®¤éƒ¨é—¨
INSERT INTO sys_dept (dept_id, tenant_id, dept_code, dept_name, dept_type, created_by)
VALUES ('DEPT_001', 'TENANT_001', 'DEFAULT', 'é»˜è®¤éƒ¨é—¨', 'DEPARTMENT', 'SYSTEM');

-- æ’å…¥ç³»ç»Ÿç®¡ç†å‘˜ç”¨æˆ?
INSERT INTO sys_user (user_id, tenant_id, dept_id, username, password_hash, real_name, user_type, status, created_by)
VALUES ('USER_001', 'TENANT_001', 'DEPT_001', 'admin', '$2a$10$7JB720yubVSOfvVame6cOu7L2fR6Vj8Q9qN8Q9qN8Q9qN8Q9qN8Q9q', 'ç³»ç»Ÿç®¡ç†å‘?, 'SYSTEM', 'ACTIVE', 'SYSTEM');

-- æ’å…¥å±‚çº§è§’è‰²æ•°æ®
INSERT INTO sys_role (role_id, tenant_id, parent_role_id, role_code, role_name, role_type, role_level, data_scope, inherit_permissions, inherit_data_scope, created_by) VALUES
-- ç³»ç»Ÿçº§è§’è‰?
('ROLE_SYS_ADMIN', 'TENANT_001', NULL, 'SYSTEM_ADMIN', 'ç³»ç»Ÿç®¡ç†å‘?, 'SYSTEM', 1, 'ALL', FALSE, FALSE, 'SYSTEM'),

-- ç§Ÿæˆ·çº§è§’è‰?
('ROLE_TENANT_ADMIN', 'TENANT_001', 'ROLE_SYS_ADMIN', 'TENANT_ADMIN', 'ç§Ÿæˆ·ç®¡ç†å‘?, 'TENANT', 2, 'ALL', TRUE, FALSE, 'SYSTEM'),
('ROLE_DEPT_MANAGER', 'TENANT_001', 'ROLE_TENANT_ADMIN', 'DEPT_MANAGER', 'éƒ¨é—¨ç»ç†', 'TENANT', 3, 'DEPT_AND_CHILD', TRUE, TRUE, 'SYSTEM'),
('ROLE_TEAM_LEADER', 'TENANT_001', 'ROLE_DEPT_MANAGER', 'TEAM_LEADER', 'å›¢é˜Ÿè´Ÿè´£äº?, 'TENANT', 4, 'DEPT', TRUE, TRUE, 'SYSTEM'),
('ROLE_EMPLOYEE', 'TENANT_001', 'ROLE_TEAM_LEADER', 'EMPLOYEE', 'æ™®é€šå‘˜å·?, 'TENANT', 5, 'SELF', TRUE, TRUE, 'SYSTEM'),

-- åŠŸèƒ½è§’è‰²
('ROLE_HR_ADMIN', 'TENANT_001', 'ROLE_TENANT_ADMIN', 'HR_ADMIN', 'HRç®¡ç†å‘?, 'CUSTOM', 2, 'DEPT_AND_CHILD', TRUE, FALSE, 'SYSTEM'),
('ROLE_HR_SPECIALIST', 'TENANT_001', 'ROLE_HR_ADMIN', 'HR_SPECIALIST', 'HRä¸“å‘˜', 'CUSTOM', 3, 'DEPT', TRUE, TRUE, 'SYSTEM');

-- æ’å…¥æƒé™æ•°æ®
INSERT INTO sys_permission (permission_id, tenant_id, permission_code, permission_name, permission_type, resource_type, resource_id, action, created_by) VALUES
('PERM_001', 'TENANT_001', 'system:user:read', 'ç”¨æˆ·æŸ¥çœ‹æƒé™', 'MENU_ACCESS', 'MENU', 'USER_MANAGE', 'READ', 'SYSTEM'),
('PERM_002', 'TENANT_001', 'system:user:add', 'ç”¨æˆ·æ–°å¢æƒé™', 'BUTTON_ACTION', 'BUTTON', 'USER_ADD', 'CREATE', 'SYSTEM'),
('PERM_003', 'TENANT_001', 'system:user:edit', 'ç”¨æˆ·ç¼–è¾‘æƒé™', 'BUTTON_ACTION', 'BUTTON', 'USER_EDIT', 'UPDATE', 'SYSTEM'),
('PERM_004', 'TENANT_001', 'system:user:delete', 'ç”¨æˆ·åˆ é™¤æƒé™', 'BUTTON_ACTION', 'BUTTON', 'USER_DELETE', 'DELETE', 'SYSTEM'),
('PERM_005', 'TENANT_001', 'api:user:create', 'ç”¨æˆ·åˆ›å»ºAPIæƒé™', 'API_CALL', 'API', '/api/users', 'POST', 'SYSTEM'),
('PERM_006', 'TENANT_001', 'api:user:update', 'ç”¨æˆ·æ›´æ–°APIæƒé™', 'API_CALL', 'API', '/api/users', 'PUT', 'SYSTEM'),
('PERM_007', 'TENANT_001', 'data:user:access', 'ç”¨æˆ·æ•°æ®è®¿é—®æƒé™', 'DATA_ACCESS', 'TABLE', 'sys_user', 'SELECT', 'SYSTEM'),
('PERM_008', 'TENANT_001', 'system:manage', 'ç³»ç»Ÿç®¡ç†æƒé™', 'MENU_ACCESS', 'MENU', 'SYSTEM_MANAGE', 'ACCESS', 'SYSTEM'),
('PERM_009', 'TENANT_001', 'tenant:manage', 'ç§Ÿæˆ·ç®¡ç†æƒé™', 'MENU_ACCESS', 'MENU', 'TENANT_MANAGE', 'ACCESS', 'SYSTEM'),
('PERM_010', 'TENANT_001', 'dept:manage', 'éƒ¨é—¨ç®¡ç†æƒé™', 'MENU_ACCESS', 'MENU', 'DEPT_MANAGE', 'ACCESS', 'SYSTEM');

-- æ’å…¥èœå•æ•°æ®
INSERT INTO sys_menu (menu_id, tenant_id, menu_code, menu_name, menu_type, path, component, icon, sort_order, created_by) VALUES
('MENU_001', 'TENANT_001', 'system', 'ç³»ç»Ÿç®¡ç†', 'DIRECTORY', '/system', 'Layout', 'system', 1, 'SYSTEM'),
('MENU_002', 'TENANT_001', 'system:user', 'ç”¨æˆ·ç®¡ç†', 'MENU', '/system/user', 'system/user/index', 'user', 1, 'SYSTEM'),
('MENU_003', 'TENANT_001', 'system:user:add', 'æ–°å¢ç”¨æˆ·', 'BUTTON', NULL, NULL, 'plus', 1, 'SYSTEM'),
('MENU_004', 'TENANT_001', 'system:user:edit', 'ç¼–è¾‘ç”¨æˆ·', 'BUTTON', NULL, NULL, 'edit', 2, 'SYSTEM'),
('MENU_005', 'TENANT_001', 'system:user:delete', 'åˆ é™¤ç”¨æˆ·', 'BUTTON', NULL, NULL, 'delete', 3, 'SYSTEM'),
('MENU_006', 'TENANT_001', 'system:role', 'è§’è‰²ç®¡ç†', 'MENU', '/system/role', 'system/role/index', 'role', 2, 'SYSTEM'),
('MENU_007', 'TENANT_001', 'system:dept', 'éƒ¨é—¨ç®¡ç†', 'MENU', '/system/dept', 'system/dept/index', 'dept', 3, 'SYSTEM'),
('MENU_008', 'TENANT_001', 'tenant', 'ç§Ÿæˆ·ç®¡ç†', 'MENU', '/tenant', 'tenant/index', 'tenant', 2, 'SYSTEM');

-- è®¾ç½®èœå•å±‚çº§å…³ç³»
UPDATE sys_menu SET parent_id = 'MENU_001' WHERE menu_id IN ('MENU_002', 'MENU_006', 'MENU_007');
UPDATE sys_menu SET parent_id = 'MENU_002' WHERE menu_id IN ('MENU_003', 'MENU_004', 'MENU_005');

-- æ’å…¥èœå•æƒé™å…³è”
INSERT INTO sys_menu_permission (menu_id, permission_id, relation_type, created_by) VALUES
('MENU_001', 'PERM_008', 'REQUIRED', 'SYSTEM'),  -- ç³»ç»Ÿç®¡ç†èœå•éœ€è¦ç³»ç»Ÿç®¡ç†æƒé™?
('MENU_002', 'PERM_001', 'REQUIRED', 'SYSTEM'),  -- ç”¨æˆ·ç®¡ç†èœå•éœ€è¦ç”¨æˆ·æŸ¥çœ‹æƒé™?
('MENU_003', 'PERM_002', 'REQUIRED', 'SYSTEM'),  -- æ–°å¢ç”¨æˆ·æŒ‰é’®éœ€è¦ç”¨æˆ·æ–°å¢æƒé™?
('MENU_004', 'PERM_003', 'REQUIRED', 'SYSTEM'),  -- ç¼–è¾‘ç”¨æˆ·æŒ‰é’®éœ€è¦ç”¨æˆ·ç¼–è¾‘æƒé™?
('MENU_005', 'PERM_004', 'REQUIRED', 'SYSTEM'),  -- åˆ é™¤ç”¨æˆ·æŒ‰é’®éœ€è¦ç”¨æˆ·åˆ é™¤æƒé™?
('MENU_007', 'PERM_010', 'REQUIRED', 'SYSTEM'),  -- éƒ¨é—¨ç®¡ç†èœå•éœ€è¦éƒ¨é—¨ç®¡ç†æƒé™?
('MENU_008', 'PERM_009', 'REQUIRED', 'SYSTEM');  -- ç§Ÿæˆ·ç®¡ç†èœå•éœ€è¦ç§Ÿæˆ·ç®¡ç†æƒé™?

-- å…³è”ç”¨æˆ·è§’è‰²
INSERT INTO sys_user_role (user_id, role_id, created_by)
VALUES ('USER_001', 'ROLE_SYS_ADMIN', 'SYSTEM');

-- ä¸ºç³»ç»Ÿç®¡ç†å‘˜åˆ†é…æ‰€æœ‰æƒé™?
INSERT INTO sys_role_permission (role_id, permission_id, created_by)
VALUES 
('ROLE_SYS_ADMIN', 'PERM_001', 'SYSTEM'),
('ROLE_SYS_ADMIN', 'PERM_002', 'SYSTEM'),
('ROLE_SYS_ADMIN', 'PERM_003', 'SYSTEM'),
('ROLE_SYS_ADMIN', 'PERM_004', 'SYSTEM'),
('ROLE_SYS_ADMIN', 'PERM_005', 'SYSTEM'),
('ROLE_SYS_ADMIN', 'PERM_006', 'SYSTEM'),
('ROLE_SYS_ADMIN', 'PERM_007', 'SYSTEM'),
('ROLE_SYS_ADMIN', 'PERM_008', 'SYSTEM'),
('ROLE_SYS_ADMIN', 'PERM_009', 'SYSTEM'),
('ROLE_SYS_ADMIN', 'PERM_010', 'SYSTEM');

-- ä¸ºç§Ÿæˆ·ç®¡ç†å‘˜åˆ†é…ç§Ÿæˆ·çº§æƒé™?
INSERT INTO sys_role_permission (role_id, permission_id, created_by)
VALUES 
('ROLE_TENANT_ADMIN', 'PERM_009', 'SYSTEM'),  -- ç§Ÿæˆ·ç®¡ç†æƒé™
('ROLE_TENANT_ADMIN', 'PERM_010', 'SYSTEM');  -- éƒ¨é—¨ç®¡ç†æƒé™

-- ä¸ºéƒ¨é—¨ç»ç†åˆ†é…éƒ¨é—¨çº§æƒé™
INSERT INTO sys_role_permission (role_id, permission_id, created_by)
VALUES 
('ROLE_DEPT_MANAGER', 'PERM_001', 'SYSTEM');  -- ç”¨æˆ·æŸ¥çœ‹æƒé™

-- è®¾ç½®éƒ¨é—¨è´Ÿè´£äº?
UPDATE sys_dept SET manager_id = 'USER_001' WHERE dept_id = 'DEPT_001';

-- æ›´æ–°è§’è‰²å±‚çº§
CALL UpdateRoleLevels();

